{"cameraMode":{"drawMode":0,"name":"Shaded","section":"Shading Mode"},"sceneLighting":true,"audioPlay":false,"sceneViewState":{"showFog":true,"showMaterialUpdate":false,"showSkybox":true,"showFlares":true,"showImageEffects":true,"showParticleSystems":true},"in2DMode":false,"pivot":{"x":10.187505722045899,"y":24.8125,"z":9.187499046325684},"rotation":{"x":-0.18360716104507447,"y":0.7051808834075928,"z":-0.1974441558122635,"w":-0.6557621359825134},"size":3.061708688735962,"orthographic":true}