{"cameraMode":{"drawMode":0,"name":"Shaded","section":"Shading Mode"},"sceneLighting":true,"audioPlay":false,"sceneViewState":{"showFog":true,"showMaterialUpdate":false,"showSkybox":true,"showFlares":true,"showImageEffects":true,"showParticleSystems":true},"in2DMode":false,"pivot":{"x":53.431495666503909,"y":30.577239990234376,"z":25.824445724487306},"rotation":{"x":-0.5407794713973999,"y":0.22354435920715333,"z":-0.15175974369049073,"w":-0.7965999245643616},"size":44.56979751586914,"orthographic":false}