{"cameraMode":{"drawMode":2,"name":"Shaded Wireframe","section":"Shading Mode"},"sceneLighting":true,"audioPlay":false,"sceneViewState":{"showFog":true,"showMaterialUpdate":false,"showSkybox":true,"showFlares":true,"showImageEffects":true,"showParticleSystems":true},"in2DMode":false,"pivot":{"x":-3.1082065105438234,"y":-2.7917449474334719,"z":-6.5734405517578129},"rotation":{"x":0.07924459874629975,"y":-0.9161709547042847,"z":0.321516215801239,"w":0.22591222822666169},"size":18.689037322998048,"orthographic":false}