{"cameraMode":{"drawMode":2,"name":"Shaded Wireframe","section":"Shading Mode"},"sceneLighting":true,"audioPlay":false,"sceneViewState":{"showFog":true,"showMaterialUpdate":false,"showSkybox":true,"showFlares":true,"showImageEffects":true,"showParticleSystems":true},"in2DMode":false,"pivot":{"x":6.385984420776367,"y":22.72651481628418,"z":10.438639640808106},"rotation":{"x":-0.1037469208240509,"y":-0.7510480284690857,"z":0.12156327813863754,"w":-0.6406590938568115},"size":0.09205269813537598,"orthographic":false}