{"cameraMode":{"drawMode":2,"name":"Shaded Wireframe","section":"Shading Mode"},"sceneLighting":true,"audioPlay":false,"sceneViewState":{"showFog":true,"showMaterialUpdate":false,"showSkybox":true,"showFlares":true,"showImageEffects":true,"showParticleSystems":true},"in2DMode":false,"pivot":{"x":-34.20030975341797,"y":-2.7223238945007326,"z":-25.750072479248048},"rotation":{"x":-0.06652572751045227,"y":0.9238516688346863,"z":-0.18824563920497895,"w":-0.3266437351703644},"size":91.58614349365235,"orthographic":false}