{"cameraMode":{"drawMode":2,"name":"Shaded Wireframe","section":"Shading Mode"},"sceneLighting":true,"audioPlay":false,"sceneViewState":{"showFog":true,"showMaterialUpdate":false,"showSkybox":true,"showFlares":true,"showImageEffects":true,"showParticleSystems":true},"in2DMode":false,"pivot":{"x":6.7971320152282719,"y":26.0076961517334,"z":11.165287971496582},"rotation":{"x":-0.10624534636735916,"y":0.5068662762641907,"z":-0.06312161684036255,"w":-0.8531297445297241},"size":19.790042877197267,"orthographic":false}